Month,Total_Reddit_Karma,Reddit_Subs_Active_In,Twitter_Followers,Twitter_Engagement_Rate,TikTok_Followers,TikTok_Avg_Views,Discord_Servers_Active,Telegram_Groups_Active,YouTube_Subs,LinkedIn_Connections,Total_What_Tools_Questions,Education_Hub_Traffic_Social,Trial_Signups_Community,Conversions_Community,Revenue_Attributed,Top_Performing_Content,Communities_To_Prioritize,Communities_To_Deprioritize,Key_Learnings
M1,,,,,,,,,,,,,,,,,,,
M2,,,,,,,,,,,,,,,,,,,
M3,,,,,,,,,,,,,,,,,,,
M4,,,,,,,,,,,,,,,,,,,
M5,,,,,,,,,,,,,,,,,,,
M6,,,,,,,,,,,,,,,,,,,
M7,,,,,,,,,,,,,,,,,,,
M8,,,,,,,,,,,,,,,,,,,
M9,,,,,,,,,,,,,,,,,,,
M10,,,,,,,,,,,,,,,,,,,
M11,,,,,,,,,,,,,,,,,,,
M12,,,,,,,,,,,,,,,,,,,
