Week,Reddit_Posts,Reddit_Comments,Reddit_Karma_Gained,Twitter_Posts,Twitter_Impressions,Twitter_Followers_Gained,TikTok_Videos,TikTok_Views,TikTok_Followers_Gained,Discord_Messages,Telegram_Messages,YouTube_Comments,LinkedIn_Posts,What_Tools_Questions,Education_Hub_Visits_UTM,Trial_Signups_Attributed,Notes
W1,,,,,,,,,,,,,,,,,
W2,,,,,,,,,,,,,,,,,
W3,,,,,,,,,,,,,,,,,
W4,,,,,,,,,,,,,,,,,
W5,,,,,,,,,,,,,,,,,
W6,,,,,,,,,,,,,,,,,
W7,,,,,,,,,,,,,,,,,
W8,,,,,,,,,,,,,,,,,
W9,,,,,,,,,,,,,,,,,
W10,,,,,,,,,,,,,,,,,
W11,,,,,,,,,,,,,,,,,
W12,,,,,,,,,,,,,,,,,
